V,E,Typ,Instance,EK_ms,Dinic_ms
100,200,"Dünn",1,0.006200,0.004800
100,200,"Dünn",2,0.000200,0.001800
100,200,"Dünn",3,0.000600,0.001400
100,200,"Dünn",4,0.002200,0.003200
100,200,"Dünn",5,0.003200,0.005600
100,200,"Dünn",6,0.003400,0.006200
100,200,"Dünn",7,0.003400,0.005400
100,200,"Dünn",8,0.017400,0.021000
100,200,"Dünn",9,0.002000,0.004000
100,200,"Dünn",10,0.002000,0.004000
100,200,"Dünn",11,0.001600,0.002800
100,200,"Dünn",12,0.002600,0.005400
100,200,"Dünn",13,0.002000,0.004200
100,200,"Dünn",14,0.002800,0.001600
100,200,"Dünn",15,0.001400,0.004000
100,200,"Dünn",16,0.001400,0.003600
100,200,"Dünn",17,0.003600,0.004000
100,200,"Dünn",18,0.005000,0.009400
100,200,"Dünn",19,0.007400,0.011600
100,200,"Dünn",20,0.002000,0.003000
100,5000,"Dicht",1,0.988600,0.200400
100,5000,"Dicht",2,1.280200,0.173400
100,5000,"Dicht",3,1.042400,0.214000
100,5000,"Dicht",4,0.927400,0.192800
100,5000,"Dicht",5,1.107200,0.264800
100,5000,"Dicht",6,1.041000,0.314400
100,5000,"Dicht",7,0.852000,0.148600
100,5000,"Dicht",8,0.730200,0.113200
100,5000,"Dicht",9,0.952800,0.183600
100,5000,"Dicht",10,0.978400,0.199600
100,5000,"Dicht",11,1.175800,0.220400
100,5000,"Dicht",12,0.794600,0.164600
100,5000,"Dicht",13,1.005400,0.178200
100,5000,"Dicht",14,0.890600,0.136600
100,5000,"Dicht",15,0.955400,0.180400
100,5000,"Dicht",16,0.909000,0.128400
100,5000,"Dicht",17,0.936200,0.205600
100,5000,"Dicht",18,0.801800,0.131600
100,5000,"Dicht",19,0.922400,0.177400
100,5000,"Dicht",20,0.793400,0.157200
100,500,"Unit-Cap",1,0.008400,0.016200
100,500,"Unit-Cap",2,0.006000,0.012000
100,500,"Unit-Cap",3,0.005600,0.011400
100,500,"Unit-Cap",4,0.008600,0.007400
100,500,"Unit-Cap",5,0.003000,0.008000
100,500,"Unit-Cap",6,0.005200,0.007200
100,500,"Unit-Cap",7,0.008800,0.016200
100,500,"Unit-Cap",8,0.003600,0.004600
100,500,"Unit-Cap",9,0.008800,0.011000
100,500,"Unit-Cap",10,0.004200,0.007800
100,500,"Unit-Cap",11,0.008400,0.011400
100,500,"Unit-Cap",12,0.011000,0.014600
100,500,"Unit-Cap",13,0.007000,0.016000
100,500,"Unit-Cap",14,0.004800,0.009600
100,500,"Unit-Cap",15,0.003600,0.009800
100,500,"Unit-Cap",16,0.015400,0.018200
100,500,"Unit-Cap",17,0.012200,0.018800
100,500,"Unit-Cap",18,0.004600,0.007200
100,500,"Unit-Cap",19,0.013400,0.019400
100,500,"Unit-Cap",20,0.011600,0.022000
200,400,"Dünn",1,0.005000,0.012800
200,400,"Dünn",2,0.008400,0.009600
200,400,"Dünn",3,0.003000,0.002000
200,400,"Dünn",4,0.004600,0.002000
200,400,"Dünn",5,0.010400,0.013200
200,400,"Dünn",6,0.004800,0.008200
200,400,"Dünn",7,0.009000,0.009800
200,400,"Dünn",8,0.000000,0.000000
200,400,"Dünn",9,0.009800,0.012800
200,400,"Dünn",10,0.003800,0.008200
200,400,"Dünn",11,0.002400,0.001800
200,400,"Dünn",12,0.001600,0.002400
200,400,"Dünn",13,0.003000,0.005400
200,400,"Dünn",14,0.008600,0.017800
200,400,"Dünn",15,0.001800,0.002800
200,400,"Dünn",16,0.019800,0.024000
200,400,"Dünn",17,0.002200,0.002400
200,400,"Dünn",18,0.002200,0.001600
200,400,"Dünn",19,0.000000,0.000000
200,400,"Dünn",20,0.000000,0.000000
200,10000,"Dicht",1,1.710600,0.519800
200,10000,"Dicht",2,1.454200,0.498200
200,10000,"Dicht",3,2.084400,0.461400
200,10000,"Dicht",4,1.816600,0.526600
200,10000,"Dicht",5,2.265800,0.385200
200,10000,"Dicht",6,2.147000,0.520400
200,10000,"Dicht",7,2.145000,0.405000
200,10000,"Dicht",8,1.822600,0.453000
200,10000,"Dicht",9,2.194800,0.495800
200,10000,"Dicht",10,1.494000,0.494800
200,10000,"Dicht",11,1.820000,0.580400
200,10000,"Dicht",12,2.199600,0.386400
200,10000,"Dicht",13,1.962600,0.486200
200,10000,"Dicht",14,2.143400,0.488400
200,10000,"Dicht",15,1.963600,0.335600
200,10000,"Dicht",16,2.269400,0.331400
200,10000,"Dicht",17,2.120000,0.391800
200,10000,"Dicht",18,1.818200,0.511600
200,10000,"Dicht",19,1.614600,0.299600
200,10000,"Dicht",20,2.517400,0.496400
200,1000,"Unit-Cap",1,0.004600,0.009400
200,1000,"Unit-Cap",2,0.015200,0.022200
200,1000,"Unit-Cap",3,0.004800,0.008400
200,1000,"Unit-Cap",4,0.015000,0.028400
200,1000,"Unit-Cap",5,0.009400,0.017000
200,1000,"Unit-Cap",6,0.005800,0.040000
200,1000,"Unit-Cap",7,0.009000,0.031600
200,1000,"Unit-Cap",8,0.027800,0.066600
200,1000,"Unit-Cap",9,0.019200,0.030200
200,1000,"Unit-Cap",10,0.017000,0.029800
200,1000,"Unit-Cap",11,0.018600,0.032800
200,1000,"Unit-Cap",12,0.019400,0.059200
200,1000,"Unit-Cap",13,0.023400,0.018400
200,1000,"Unit-Cap",14,0.051000,0.052400
200,1000,"Unit-Cap",15,0.017000,0.033000
200,1000,"Unit-Cap",16,0.022800,0.029400
200,1000,"Unit-Cap",17,0.009000,0.033200
200,1000,"Unit-Cap",18,0.014600,0.007800
200,1000,"Unit-Cap",19,0.004400,0.013600
200,1000,"Unit-Cap",20,0.043800,0.047600
300,600,"Dünn",1,0.006400,0.066200
300,600,"Dünn",2,0.011800,0.003200
300,600,"Dünn",3,0.007600,0.984000
300,600,"Dünn",4,0.005200,0.010600
300,600,"Dünn",5,0.009600,0.033000
300,600,"Dünn",6,0.005600,0.019200
300,600,"Dünn",7,0.007400,0.020000
300,600,"Dünn",8,0.001000,0.011000
300,600,"Dünn",9,0.000000,0.000000
300,600,"Dünn",10,0.003600,0.003200
300,600,"Dünn",11,0.003600,0.003200
300,600,"Dünn",12,0.003600,0.002800
300,600,"Dünn",13,0.003800,0.003200
300,600,"Dünn",14,0.048800,0.029400
300,600,"Dünn",15,0.000000,0.000000
300,600,"Dünn",16,0.000000,0.000000
300,600,"Dünn",17,0.004800,0.010000
300,600,"Dünn",18,0.172800,0.036800
300,600,"Dünn",19,0.004000,0.009200
300,600,"Dünn",20,0.000000,0.000000
300,15000,"Dicht",1,4.609400,0.643400
300,15000,"Dicht",2,3.199600,0.581000
300,15000,"Dicht",3,2.516800,0.727400
300,15000,"Dicht",4,2.887800,0.744400
300,15000,"Dicht",5,2.910400,0.876600
300,15000,"Dicht",6,2.074800,0.543200
300,15000,"Dicht",7,2.819200,0.750800
300,15000,"Dicht",8,2.956400,0.539000
300,15000,"Dicht",9,3.128600,0.752000
300,15000,"Dicht",10,2.088000,0.770200
300,15000,"Dicht",11,2.707600,0.558400
300,15000,"Dicht",12,2.641000,0.527400
300,15000,"Dicht",13,2.441400,1.004800
300,15000,"Dicht",14,2.699600,0.810200
300,15000,"Dicht",15,2.617600,0.553800
300,15000,"Dicht",16,3.130800,0.520800
300,15000,"Dicht",17,3.052400,0.747800
300,15000,"Dicht",18,2.652800,0.406600
300,15000,"Dicht",19,3.036800,0.577400
300,15000,"Dicht",20,3.009600,0.790600
300,1500,"Unit-Cap",1,0.044400,0.079000
300,1500,"Unit-Cap",2,0.021400,0.047200
300,1500,"Unit-Cap",3,0.024800,0.054800
300,1500,"Unit-Cap",4,0.023600,0.034600
300,1500,"Unit-Cap",5,0.004000,0.009200
300,1500,"Unit-Cap",6,0.036600,0.071200
300,1500,"Unit-Cap",7,0.042400,0.072200
300,1500,"Unit-Cap",8,0.015000,0.041400
300,1500,"Unit-Cap",9,0.021600,0.061200
300,1500,"Unit-Cap",10,0.018800,0.075600
300,1500,"Unit-Cap",11,0.032600,0.079800
300,1500,"Unit-Cap",12,0.021400,0.035000
300,1500,"Unit-Cap",13,0.009800,0.037800
300,1500,"Unit-Cap",14,0.034000,0.122200
300,1500,"Unit-Cap",15,0.023400,0.051000
300,1500,"Unit-Cap",16,0.019200,0.037400
300,1500,"Unit-Cap",17,0.028600,0.050600
300,1500,"Unit-Cap",18,0.040600,0.014800
300,1500,"Unit-Cap",19,0.039400,0.081200
300,1500,"Unit-Cap",20,0.011800,0.035400
400,800,"Dünn",1,0.005600,0.004600
400,800,"Dünn",2,0.005200,0.004600
400,800,"Dünn",3,0.000000,0.000000
400,800,"Dünn",4,0.032400,0.037000
400,800,"Dünn",5,0.005400,0.004200
400,800,"Dünn",6,0.010000,0.017200
400,800,"Dünn",7,0.006800,0.014600
400,800,"Dünn",8,0.007000,0.018000
400,800,"Dünn",9,0.006400,0.010000
400,800,"Dünn",10,0.036600,0.052600
400,800,"Dünn",11,0.044800,0.042400
400,800,"Dünn",12,0.004600,0.005600
400,800,"Dünn",13,0.000000,0.000000
400,800,"Dünn",14,0.000000,0.000000
400,800,"Dünn",15,0.008800,0.022800
400,800,"Dünn",16,0.022600,0.028400
400,800,"Dünn",17,0.031600,0.037600
400,800,"Dünn",18,0.032600,0.084800
400,800,"Dünn",19,0.000600,0.005800
400,800,"Dünn",20,0.000000,0.000000
400,20000,"Dicht",1,3.600200,1.047600
400,20000,"Dicht",2,4.212800,1.035200
400,20000,"Dicht",3,4.155600,0.818400
400,20000,"Dicht",4,3.849800,0.974400
400,20000,"Dicht",5,4.489200,0.777600
400,20000,"Dicht",6,4.032600,1.002400
400,20000,"Dicht",7,5.033200,0.770200
400,20000,"Dicht",8,3.593800,0.826600
400,20000,"Dicht",9,3.787000,1.332800
400,20000,"Dicht",10,3.119600,1.081400
400,20000,"Dicht",11,2.386600,1.040600
400,20000,"Dicht",12,3.414600,1.064600
400,20000,"Dicht",13,4.415800,1.022400
400,20000,"Dicht",14,3.365200,0.794600
400,20000,"Dicht",15,3.633800,0.739000
400,20000,"Dicht",16,3.265800,1.041600
400,20000,"Dicht",17,3.893400,0.963600
400,20000,"Dicht",18,3.211000,0.727200
400,20000,"Dicht",19,3.552600,1.045200
400,20000,"Dicht",20,4.087400,0.787200
400,2000,"Unit-Cap",1,0.039600,0.063400
400,2000,"Unit-Cap",2,0.050400,0.052000
400,2000,"Unit-Cap",3,0.000200,0.014800
400,2000,"Unit-Cap",4,0.042000,0.103800
400,2000,"Unit-Cap",5,0.050400,0.044600
400,2000,"Unit-Cap",6,0.041600,0.078800
400,2000,"Unit-Cap",7,0.009800,0.015600
400,2000,"Unit-Cap",8,0.062400,0.079800
400,2000,"Unit-Cap",9,0.044600,0.039800
400,2000,"Unit-Cap",10,0.009400,0.052800
400,2000,"Unit-Cap",11,0.046600,0.167000
400,2000,"Unit-Cap",12,0.067600,0.161000
400,2000,"Unit-Cap",13,0.045000,0.073400
400,2000,"Unit-Cap",14,0.035400,0.133200
400,2000,"Unit-Cap",15,0.063400,0.087000
400,2000,"Unit-Cap",16,0.044200,0.072400
400,2000,"Unit-Cap",17,0.048600,0.142800
400,2000,"Unit-Cap",18,0.106000,0.190400
400,2000,"Unit-Cap",19,0.033800,0.057800
400,2000,"Unit-Cap",20,0.050600,0.083200
500,1000,"Dünn",1,0.015200,0.022400
500,1000,"Dünn",2,0.000000,0.000000
500,1000,"Dünn",3,0.010400,0.021800
500,1000,"Dünn",4,0.000000,0.000000
500,1000,"Dünn",5,0.000000,0.000000
500,1000,"Dünn",6,0.008400,0.005800
500,1000,"Dünn",7,0.008000,0.006400
500,1000,"Dünn",8,0.002400,0.009200
500,1000,"Dünn",9,0.000000,0.000000
500,1000,"Dünn",10,0.000000,0.000000
500,1000,"Dünn",11,0.000000,0.000000
500,1000,"Dünn",12,0.064400,0.094800
500,1000,"Dünn",13,0.019600,0.035800
500,1000,"Dünn",14,0.017800,0.042200
500,1000,"Dünn",15,0.038000,0.091800
500,1000,"Dünn",16,0.027600,0.026000
500,1000,"Dünn",17,0.000000,0.000000
500,1000,"Dünn",18,0.007400,0.005400
500,1000,"Dünn",19,0.041400,0.054000
500,1000,"Dünn",20,0.035800,0.050800
500,25000,"Dicht",1,4.769200,0.950200
500,25000,"Dicht",2,4.526000,1.018000
500,25000,"Dicht",3,4.043400,0.982600
500,25000,"Dicht",4,4.821400,1.336200
500,25000,"Dicht",5,4.490400,0.991400
500,25000,"Dicht",6,3.727800,1.335000
500,25000,"Dicht",7,4.093600,1.340800
500,25000,"Dicht",8,5.497600,1.281800
500,25000,"Dicht",9,4.642000,0.973800
500,25000,"Dicht",10,3.535800,0.982800
500,25000,"Dicht",11,3.718800,0.963600
500,25000,"Dicht",12,4.681000,0.982200
500,25000,"Dicht",13,5.290200,1.221800
500,25000,"Dicht",14,6.154200,0.995000
500,25000,"Dicht",15,5.248800,1.283800
500,25000,"Dicht",16,4.826000,1.230800
500,25000,"Dicht",17,6.107200,1.650200
500,25000,"Dicht",18,4.179000,1.310400
500,25000,"Dicht",19,4.040400,1.319800
500,25000,"Dicht",20,4.570400,1.702400
500,2500,"Unit-Cap",1,0.067800,0.100200
500,2500,"Unit-Cap",2,0.120600,0.220600
500,2500,"Unit-Cap",3,0.032800,0.066200
500,2500,"Unit-Cap",4,0.000000,0.000000
500,2500,"Unit-Cap",5,0.029400,0.098600
500,2500,"Unit-Cap",6,0.000000,0.000000
500,2500,"Unit-Cap",7,0.040800,0.093600
500,2500,"Unit-Cap",8,0.035000,0.069400
500,2500,"Unit-Cap",9,0.026800,0.078800
500,2500,"Unit-Cap",10,0.048800,0.083200
500,2500,"Unit-Cap",11,0.086200,0.199400
500,2500,"Unit-Cap",12,0.058800,0.109000
500,2500,"Unit-Cap",13,0.109000,0.177000
500,2500,"Unit-Cap",14,0.035600,0.100800
500,2500,"Unit-Cap",15,0.054400,0.080200
500,2500,"Unit-Cap",16,0.050800,0.184200
500,2500,"Unit-Cap",17,0.054400,0.125000
500,2500,"Unit-Cap",18,0.070800,0.152600
500,2500,"Unit-Cap",19,0.039000,0.123400
500,2500,"Unit-Cap",20,0.072000,0.196800
600,1200,"Dünn",1,0.009200,0.009600
600,1200,"Dünn",2,0.023800,0.035600
600,1200,"Dünn",3,0.008400,0.007400
600,1200,"Dünn",4,0.037400,0.059600
600,1200,"Dünn",5,0.000000,0.000000
600,1200,"Dünn",6,0.008000,0.006800
600,1200,"Dünn",7,0.000000,0.000000
600,1200,"Dünn",8,0.007600,0.006800
600,1200,"Dünn",9,0.017400,0.036600
600,1200,"Dünn",10,0.000000,0.000000
600,1200,"Dünn",11,0.018800,0.034000
600,1200,"Dünn",12,0.012600,0.021800
600,1200,"Dünn",13,0.080400,0.084400
600,1200,"Dünn",14,0.010000,0.020800
600,1200,"Dünn",15,0.008400,0.007200
600,1200,"Dünn",16,0.060800,0.100400
600,1200,"Dünn",17,0.013000,0.048000
600,1200,"Dünn",18,0.014400,0.028800
600,1200,"Dünn",19,0.009800,0.020800
600,1200,"Dünn",20,0.014200,0.024200
600,30000,"Dicht",1,5.760000,1.583400
600,30000,"Dicht",2,4.239400,1.609800
600,30000,"Dicht",3,5.207200,0.746800
600,30000,"Dicht",4,6.478400,1.204000
600,30000,"Dicht",5,3.645200,1.210600
600,30000,"Dicht",6,5.673600,1.534800
600,30000,"Dicht",7,5.914200,1.948800
600,30000,"Dicht",8,6.147800,1.211400
600,30000,"Dicht",9,5.155800,1.557200
600,30000,"Dicht",10,5.669000,1.500800
600,30000,"Dicht",11,5.148000,1.203800
600,30000,"Dicht",12,5.335800,1.224400
600,30000,"Dicht",13,5.784400,1.205000
600,30000,"Dicht",14,6.945400,1.491400
600,30000,"Dicht",15,6.431400,1.241800
600,30000,"Dicht",16,5.720200,1.201800
600,30000,"Dicht",17,5.263200,1.584600
600,30000,"Dicht",18,4.623800,1.168400
600,30000,"Dicht",19,6.310600,1.529800
600,30000,"Dicht",20,4.479800,1.603400
600,3000,"Unit-Cap",1,0.042400,0.122200
600,3000,"Unit-Cap",2,0.099600,0.227200
600,3000,"Unit-Cap",3,0.038800,0.085000
600,3000,"Unit-Cap",4,0.058800,0.096600
600,3000,"Unit-Cap",5,0.072600,0.280400
600,3000,"Unit-Cap",6,0.046200,0.134600
600,3000,"Unit-Cap",7,0.081600,0.069600
600,3000,"Unit-Cap",8,0.070000,0.178400
600,3000,"Unit-Cap",9,0.111000,0.238800
600,3000,"Unit-Cap",10,0.017600,0.024800
600,3000,"Unit-Cap",11,0.008800,0.040600
600,3000,"Unit-Cap",12,0.012400,0.046800
600,3000,"Unit-Cap",13,0.101800,0.146800
600,3000,"Unit-Cap",14,0.063800,0.142000
600,3000,"Unit-Cap",15,0.071000,0.152600
600,3000,"Unit-Cap",16,0.081200,0.129800
600,3000,"Unit-Cap",17,0.123000,0.201600
600,3000,"Unit-Cap",18,0.124800,0.190000
600,3000,"Unit-Cap",19,0.058600,0.130200
600,3000,"Unit-Cap",20,0.061200,0.133400
700,1400,"Dünn",1,0.022600,0.008400
700,1400,"Dünn",2,0.019600,0.042600
700,1400,"Dünn",3,0.009800,0.020200
700,1400,"Dünn",4,0.057000,0.058200
700,1400,"Dünn",5,0.024000,0.064400
700,1400,"Dünn",6,0.050000,0.046600
700,1400,"Dünn",7,0.011800,0.023200
700,1400,"Dünn",8,0.000000,0.000000
700,1400,"Dünn",9,0.046000,0.070400
700,1400,"Dünn",10,0.000000,0.000000
700,1400,"Dünn",11,0.047800,0.080400
700,1400,"Dünn",12,0.054000,0.136600
700,1400,"Dünn",13,0.107400,0.129600
700,1400,"Dünn",14,0.030000,0.088800
700,1400,"Dünn",15,0.052200,0.112000
700,1400,"Dünn",16,0.000000,0.000000
700,1400,"Dünn",17,0.025000,0.075400
700,1400,"Dünn",18,0.044000,0.065400
700,1400,"Dünn",19,0.000000,0.000000
700,1400,"Dünn",20,0.015200,0.034000
700,35000,"Dicht",1,5.629200,1.382600
700,35000,"Dicht",2,5.319400,1.869400
700,35000,"Dicht",3,5.575000,1.853000
700,35000,"Dicht",4,6.948000,1.397400
700,35000,"Dicht",5,5.746200,1.379400
700,35000,"Dicht",6,6.860400,1.850600
700,35000,"Dicht",7,6.836600,1.468200
700,35000,"Dicht",8,5.791600,1.492000
700,35000,"Dicht",9,5.350000,1.401600
700,35000,"Dicht",10,7.343800,1.478000
700,35000,"Dicht",11,7.476200,1.481800
700,35000,"Dicht",12,6.846800,1.442400
700,35000,"Dicht",13,7.871600,1.792000
700,35000,"Dicht",14,4.752200,1.356800
700,35000,"Dicht",15,6.524200,1.867400
700,35000,"Dicht",16,5.547600,1.550800
700,35000,"Dicht",17,7.469000,1.473400
700,35000,"Dicht",18,5.945800,1.431600
700,35000,"Dicht",19,7.982400,1.742200
700,35000,"Dicht",20,6.809800,1.900800
700,3500,"Unit-Cap",1,0.151000,0.181600
700,3500,"Unit-Cap",2,0.136600,0.212200
700,3500,"Unit-Cap",3,0.102600,0.292000
700,3500,"Unit-Cap",4,0.140600,0.320000
700,3500,"Unit-Cap",5,0.087600,0.196600
700,3500,"Unit-Cap",6,0.079400,0.183200
700,3500,"Unit-Cap",7,0.134800,0.182200
700,3500,"Unit-Cap",8,0.081800,0.281600
700,3500,"Unit-Cap",9,0.076200,0.197400
700,3500,"Unit-Cap",10,0.101400,0.170600
700,3500,"Unit-Cap",11,0.078400,0.231400
700,3500,"Unit-Cap",12,0.056600,0.215000
700,3500,"Unit-Cap",13,0.085800,0.098800
700,3500,"Unit-Cap",14,0.087800,0.152800
700,3500,"Unit-Cap",15,0.123400,0.291200
700,3500,"Unit-Cap",16,0.144400,0.173400
700,3500,"Unit-Cap",17,0.090400,0.144800
700,3500,"Unit-Cap",18,0.008800,0.029000
700,3500,"Unit-Cap",19,0.083200,0.156400
700,3500,"Unit-Cap",20,0.077600,0.267400
800,1600,"Dünn",1,0.000200,0.000000
800,1600,"Dünn",2,0.030400,0.080800
800,1600,"Dünn",3,0.095400,0.152800
800,1600,"Dünn",4,0.027600,0.046000
800,1600,"Dünn",5,0.000000,0.000000
800,1600,"Dünn",6,0.012400,0.011000
800,1600,"Dünn",7,0.025200,0.087600
800,1600,"Dünn",8,0.052600,0.054800
800,1600,"Dünn",9,0.014000,0.011200
800,1600,"Dünn",10,0.053400,0.108200
800,1600,"Dünn",11,0.028600,0.052200
800,1600,"Dünn",12,0.000000,0.000000
800,1600,"Dünn",13,0.048600,0.102400
800,1600,"Dünn",14,0.013800,0.011000
800,1600,"Dünn",15,0.000000,0.000000
800,1600,"Dünn",16,0.058000,0.090600
800,1600,"Dünn",17,0.000000,0.000000
800,1600,"Dünn",18,0.000000,0.000000
800,1600,"Dünn",19,0.000000,0.000800
800,1600,"Dünn",20,0.000200,0.000000
800,40000,"Dicht",1,7.325200,2.125400
800,40000,"Dicht",2,6.681400,1.820800
800,40000,"Dicht",3,6.233600,1.736800
800,40000,"Dicht",4,6.982600,2.531600
800,40000,"Dicht",5,9.492400,1.762800
800,40000,"Dicht",6,6.230200,1.839200
800,40000,"Dicht",7,9.028400,1.699600
800,40000,"Dicht",8,8.493000,1.655200
800,40000,"Dicht",9,7.664800,1.716000
800,40000,"Dicht",10,8.382800,2.202600
800,40000,"Dicht",11,6.711000,1.786800
800,40000,"Dicht",12,6.524400,1.688800
800,40000,"Dicht",13,7.963000,2.183000
800,40000,"Dicht",14,7.351600,2.817600
800,40000,"Dicht",15,8.398200,1.754800
800,40000,"Dicht",16,7.544200,2.198200
800,40000,"Dicht",17,10.060400,1.703800
800,40000,"Dicht",18,18.948200,2.634800
800,40000,"Dicht",19,17.609600,3.256400
800,40000,"Dicht",20,11.741800,3.296200
800,4000,"Unit-Cap",1,0.076400,0.112800
800,4000,"Unit-Cap",2,0.105400,0.478400
800,4000,"Unit-Cap",3,0.023400,0.069000
800,4000,"Unit-Cap",4,0.068000,0.049200
800,4000,"Unit-Cap",5,0.083800,0.124000
800,4000,"Unit-Cap",6,0.099400,0.858000
800,4000,"Unit-Cap",7,0.374200,0.457200
800,4000,"Unit-Cap",8,0.176400,0.379800
800,4000,"Unit-Cap",9,0.271800,0.312600
800,4000,"Unit-Cap",10,0.232000,0.514000
800,4000,"Unit-Cap",11,0.183400,0.194600
800,4000,"Unit-Cap",12,0.049600,0.321800
800,4000,"Unit-Cap",13,0.204800,0.165600
800,4000,"Unit-Cap",14,0.318600,0.525000
800,4000,"Unit-Cap",15,0.117600,0.272800
800,4000,"Unit-Cap",16,0.198800,0.337200
800,4000,"Unit-Cap",17,0.079000,0.118200
800,4000,"Unit-Cap",18,0.080600,0.192600
800,4000,"Unit-Cap",19,0.174200,0.434400
800,4000,"Unit-Cap",20,0.112200,0.289600
900,1800,"Dünn",1,0.013600,0.032600
900,1800,"Dünn",2,0.001000,0.000000
900,1800,"Dünn",3,0.001400,0.019800
900,1800,"Dünn",4,0.009400,0.041400
900,1800,"Dünn",5,0.045400,0.030000
900,1800,"Dünn",6,0.009000,0.045400
900,1800,"Dünn",7,0.220200,0.103400
900,1800,"Dünn",8,0.004800,0.022600
900,1800,"Dünn",9,0.336400,0.226200
900,1800,"Dünn",10,0.020000,0.043400
900,1800,"Dünn",11,0.079000,0.132400
900,1800,"Dünn",12,0.034600,0.147800
900,1800,"Dünn",13,0.126600,0.049200
900,1800,"Dünn",14,0.017600,0.018800
900,1800,"Dünn",15,0.015800,0.013400
900,1800,"Dünn",16,0.053200,0.247600
900,1800,"Dünn",17,0.294600,0.544600
900,1800,"Dünn",18,0.010000,0.023000
900,1800,"Dünn",19,0.065400,0.279800
900,1800,"Dünn",20,0.167400,0.104400
900,45000,"Dicht",1,13.992600,2.423400
900,45000,"Dicht",2,8.814600,1.138600
900,45000,"Dicht",3,10.071400,2.462800
900,45000,"Dicht",4,11.235600,1.875400
900,45000,"Dicht",5,10.049600,1.950000
900,45000,"Dicht",6,9.870800,2.261000
900,45000,"Dicht",7,10.167600,2.365000
900,45000,"Dicht",8,7.636600,2.001800
900,45000,"Dicht",9,10.386000,3.171800
900,45000,"Dicht",10,7.876200,1.934600
900,45000,"Dicht",11,9.653000,2.151000
900,45000,"Dicht",12,10.690000,2.380000
900,45000,"Dicht",13,11.682600,1.969200
900,45000,"Dicht",14,9.394200,2.360200
900,45000,"Dicht",15,7.495000,2.457800
900,45000,"Dicht",16,9.088600,2.320800
900,45000,"Dicht",17,8.506400,2.453000
900,45000,"Dicht",18,8.411800,2.420600
900,45000,"Dicht",19,8.246000,1.903000
900,45000,"Dicht",20,8.416000,1.913000
900,4500,"Unit-Cap",1,0.161600,0.344000
900,4500,"Unit-Cap",2,0.125200,0.271800
900,4500,"Unit-Cap",3,0.111800,0.280600
900,4500,"Unit-Cap",4,0.124000,0.109000
900,4500,"Unit-Cap",5,0.078400,0.215000
900,4500,"Unit-Cap",6,0.215800,0.355600
900,4500,"Unit-Cap",7,0.058800,0.123000
900,4500,"Unit-Cap",8,0.082200,0.234600
900,4500,"Unit-Cap",9,0.047000,0.119600
900,4500,"Unit-Cap",10,0.061000,0.059600
900,4500,"Unit-Cap",11,0.124600,0.324800
900,4500,"Unit-Cap",12,0.118000,0.169000
900,4500,"Unit-Cap",13,0.107200,0.245800
900,4500,"Unit-Cap",14,0.075200,0.138800
900,4500,"Unit-Cap",15,0.184600,0.441400
900,4500,"Unit-Cap",16,0.141600,0.280600
900,4500,"Unit-Cap",17,0.075800,0.264000
900,4500,"Unit-Cap",18,0.138600,0.231200
900,4500,"Unit-Cap",19,0.107400,0.284000
900,4500,"Unit-Cap",20,0.090200,0.276600
1000,2000,"Dünn",1,0.000000,0.000000
1000,2000,"Dünn",2,0.000000,0.000000
1000,2000,"Dünn",3,0.060600,0.172600
1000,2000,"Dünn",4,0.091800,0.167800
1000,2000,"Dünn",5,0.000000,0.000000
1000,2000,"Dünn",6,0.000000,0.000000
1000,2000,"Dünn",7,0.024400,0.016400
1000,2000,"Dünn",8,0.026200,0.017200
1000,2000,"Dünn",9,0.054800,0.121800
1000,2000,"Dünn",10,0.017600,0.027400
1000,2000,"Dünn",11,0.059600,0.209400
1000,2000,"Dünn",12,0.000000,0.000000
1000,2000,"Dünn",13,0.019400,0.051000
1000,2000,"Dünn",14,0.041600,0.091600
1000,2000,"Dünn",15,0.037800,0.035600
1000,2000,"Dünn",16,0.029800,0.024800
1000,2000,"Dünn",17,0.020000,0.034000
1000,2000,"Dünn",18,0.000000,0.000000
1000,2000,"Dünn",19,0.052000,0.098400
1000,2000,"Dünn",20,0.000000,0.000000
1000,50000,"Dicht",1,11.188800,2.171400
1000,50000,"Dicht",2,10.983200,2.706600
1000,50000,"Dicht",3,8.959000,2.738800
1000,50000,"Dicht",4,6.275800,2.176000
1000,50000,"Dicht",5,13.376600,2.213400
1000,50000,"Dicht",6,10.567600,2.595800
1000,50000,"Dicht",7,10.339600,2.670200
1000,50000,"Dicht",8,8.597400,1.937200
1000,50000,"Dicht",9,8.703400,1.324200
1000,50000,"Dicht",10,12.879400,3.340400
1000,50000,"Dicht",11,8.513800,2.794800
1000,50000,"Dicht",12,8.668000,3.534600
1000,50000,"Dicht",13,9.722600,2.695400
1000,50000,"Dicht",14,8.782400,1.865400
1000,50000,"Dicht",15,12.611800,2.585400
1000,50000,"Dicht",16,10.214000,2.120000
1000,50000,"Dicht",17,5.569800,2.049600
1000,50000,"Dicht",18,8.133200,2.137400
1000,50000,"Dicht",19,12.837600,2.171800
1000,50000,"Dicht",20,8.055200,2.222000
1000,5000,"Unit-Cap",1,0.124800,0.193400
1000,5000,"Unit-Cap",2,0.076400,0.230200
1000,5000,"Unit-Cap",3,0.080200,0.120000
1000,5000,"Unit-Cap",4,0.000000,0.000000
1000,5000,"Unit-Cap",5,0.026800,0.193800
1000,5000,"Unit-Cap",6,0.063400,0.219200
1000,5000,"Unit-Cap",7,0.196400,0.265200
1000,5000,"Unit-Cap",8,0.096200,0.359600
1000,5000,"Unit-Cap",9,0.132200,0.392200
1000,5000,"Unit-Cap",10,0.139200,0.246800
1000,5000,"Unit-Cap",11,0.186400,0.395600
1000,5000,"Unit-Cap",12,0.133000,0.307400
1000,5000,"Unit-Cap",13,0.142400,0.238600
1000,5000,"Unit-Cap",14,0.089800,0.182800
1000,5000,"Unit-Cap",15,0.155200,0.348400
1000,5000,"Unit-Cap",16,0.135400,0.316800
1000,5000,"Unit-Cap",17,0.062800,0.146200
1000,5000,"Unit-Cap",18,0.147000,0.380200
1000,5000,"Unit-Cap",19,0.213200,0.392000
1000,5000,"Unit-Cap",20,0.235600,0.259000
1100,2200,"Dünn",1,0.000200,0.000000
1100,2200,"Dünn",2,0.087800,0.124200
1100,2200,"Dünn",3,0.000000,0.000000
1100,2200,"Dünn",4,0.000000,0.000000
1100,2200,"Dünn",5,0.186400,0.158800
1100,2200,"Dünn",6,0.024000,0.016200
1100,2200,"Dünn",7,0.000000,0.000000
1100,2200,"Dünn",8,0.033800,0.084600
1100,2200,"Dünn",9,0.260800,0.404400
1100,2200,"Dünn",10,0.039200,0.087200
1100,2200,"Dünn",11,0.084200,0.135000
1100,2200,"Dünn",12,0.099600,0.163400
1100,2200,"Dünn",13,0.144200,0.260800
1100,2200,"Dünn",14,0.021600,0.017200
1100,2200,"Dünn",15,0.000000,0.000000
1100,2200,"Dünn",16,0.055400,0.138600
1100,2200,"Dünn",17,0.000000,0.000000
1100,2200,"Dünn",18,0.025200,0.050200
1100,2200,"Dünn",19,0.027800,0.089800
1100,2200,"Dünn",20,0.110800,0.164200
1100,55000,"Dicht",1,10.064400,1.454600
1100,55000,"Dicht",2,12.284600,2.419800
1100,55000,"Dicht",3,12.562600,2.312800
1100,55000,"Dicht",4,9.572200,3.062600
1100,55000,"Dicht",5,9.476800,3.097800
1100,55000,"Dicht",6,10.123200,2.081200
1100,55000,"Dicht",7,9.070400,3.048600
1100,55000,"Dicht",8,13.361400,4.685400
1100,55000,"Dicht",9,12.080600,2.490600
1100,55000,"Dicht",10,9.661400,2.995800
1100,55000,"Dicht",11,10.904600,2.969200
1100,55000,"Dicht",12,8.088400,2.411200
1100,55000,"Dicht",13,13.844200,3.039200
1100,55000,"Dicht",14,10.977200,2.386200
1100,55000,"Dicht",15,9.523400,1.502400
1100,55000,"Dicht",16,9.530200,3.147400
1100,55000,"Dicht",17,11.568400,2.378400
1100,55000,"Dicht",18,10.953600,2.994600
1100,55000,"Dicht",19,14.308200,3.704200
1100,55000,"Dicht",20,7.082000,2.183600
1100,5500,"Unit-Cap",1,0.202000,0.626200
1100,5500,"Unit-Cap",2,0.129000,0.199800
1100,5500,"Unit-Cap",3,0.066200,0.267800
1100,5500,"Unit-Cap",4,0.215600,0.464200
1100,5500,"Unit-Cap",5,0.050400,0.081000
1100,5500,"Unit-Cap",6,0.073400,0.203800
1100,5500,"Unit-Cap",7,0.123200,0.293400
1100,5500,"Unit-Cap",8,0.103600,0.257400
1100,5500,"Unit-Cap",9,0.147400,0.550200
1100,5500,"Unit-Cap",10,0.048200,0.179600
1100,5500,"Unit-Cap",11,0.194400,0.286200
1100,5500,"Unit-Cap",12,0.171800,0.380400
1100,5500,"Unit-Cap",13,0.059400,0.302200
1100,5500,"Unit-Cap",14,0.060200,0.183600
1100,5500,"Unit-Cap",15,0.196200,0.410800
1100,5500,"Unit-Cap",16,0.209600,0.298000
1100,5500,"Unit-Cap",17,0.098600,0.384200
1100,5500,"Unit-Cap",18,0.178600,0.540800
1100,5500,"Unit-Cap",19,0.287400,0.574200
1100,5500,"Unit-Cap",20,0.212000,0.252400
1200,2400,"Dünn",1,0.000000,0.000000
1200,2400,"Dünn",2,0.077600,0.158600
1200,2400,"Dünn",3,0.142000,0.312200
1200,2400,"Dünn",4,0.021600,0.018800
1200,2400,"Dünn",5,0.000000,0.000000
1200,2400,"Dünn",6,0.000000,0.000000
1200,2400,"Dünn",7,0.031400,0.106400
1200,2400,"Dünn",8,0.027200,0.020000
1200,2400,"Dünn",9,0.000000,0.000000
1200,2400,"Dünn",10,0.072000,0.198800
1200,2400,"Dünn",11,0.038000,0.111000
1200,2400,"Dünn",12,0.127600,0.184600
1200,2400,"Dünn",13,0.039000,0.099200
1200,2400,"Dünn",14,0.102400,0.234200
1200,2400,"Dünn",15,0.042000,0.120600
1200,2400,"Dünn",16,0.463600,0.447800
1200,2400,"Dünn",17,0.000000,0.000000
1200,2400,"Dünn",18,0.043800,0.100400
1200,2400,"Dünn",19,0.186400,0.336200
1200,2400,"Dünn",20,0.118000,0.151400
1200,60000,"Dicht",1,10.999200,3.517800
1200,60000,"Dicht",2,12.906000,1.791600
1200,60000,"Dicht",3,15.918400,3.406400
1200,60000,"Dicht",4,12.358200,2.832600
1200,60000,"Dicht",5,12.476000,2.193200
1200,60000,"Dicht",6,13.080800,3.167200
1200,60000,"Dicht",7,10.411400,3.326600
1200,60000,"Dicht",8,12.811200,3.322200
1200,60000,"Dicht",9,12.806200,2.814600
1200,60000,"Dicht",10,12.643400,2.697800
1200,60000,"Dicht",11,13.348800,1.628200
1200,60000,"Dicht",12,10.010600,2.288400
1200,60000,"Dicht",13,13.369000,2.221800
1200,60000,"Dicht",14,14.304000,2.677600
1200,60000,"Dicht",15,12.787200,1.622400
1200,60000,"Dicht",16,15.556400,2.654400
1200,60000,"Dicht",17,10.858200,3.303200
1200,60000,"Dicht",18,13.894800,2.710600
1200,60000,"Dicht",19,8.897000,3.375800
1200,60000,"Dicht",20,9.985200,2.714200
1200,6000,"Unit-Cap",1,0.207600,0.310200
1200,6000,"Unit-Cap",2,0.240000,0.331800
1200,6000,"Unit-Cap",3,0.173000,0.471800
1200,6000,"Unit-Cap",4,0.196000,0.462600
1200,6000,"Unit-Cap",5,0.137200,0.333000
1200,6000,"Unit-Cap",6,0.084400,0.316400
1200,6000,"Unit-Cap",7,0.170200,0.549200
1200,6000,"Unit-Cap",8,0.154400,0.261200
1200,6000,"Unit-Cap",9,0.157000,0.357800
1200,6000,"Unit-Cap",10,0.117800,0.388000
1200,6000,"Unit-Cap",11,0.131800,0.385400
1200,6000,"Unit-Cap",12,0.179800,0.336600
1200,6000,"Unit-Cap",13,0.255200,0.416600
1200,6000,"Unit-Cap",14,0.197600,0.101800
1200,6000,"Unit-Cap",15,0.232400,0.422000
1200,6000,"Unit-Cap",16,0.296600,0.362000
1200,6000,"Unit-Cap",17,0.104200,0.369200
1200,6000,"Unit-Cap",18,0.150800,0.306800
1200,6000,"Unit-Cap",19,0.182000,0.479400
1200,6000,"Unit-Cap",20,0.103800,0.334000
1300,2600,"Dünn",1,0.023800,0.022800
1300,2600,"Dünn",2,0.272000,0.252800
1300,2600,"Dünn",3,0.024000,0.030600
1300,2600,"Dünn",4,0.028000,0.021200
1300,2600,"Dünn",5,0.046200,0.128000
1300,2600,"Dünn",6,0.023000,0.027800
1300,2600,"Dünn",7,0.069400,0.063000
1300,2600,"Dünn",8,0.023400,0.030600
1300,2600,"Dünn",9,0.000600,0.000000
1300,2600,"Dünn",10,0.295800,0.320400
1300,2600,"Dünn",11,0.133200,0.228400
1300,2600,"Dünn",12,0.027200,0.082400
1300,2600,"Dünn",13,0.223800,0.503800
1300,2600,"Dünn",14,0.031600,0.081800
1300,2600,"Dünn",15,0.318600,0.438200
1300,2600,"Dünn",16,0.034400,0.032400
1300,2600,"Dünn",17,0.061000,0.141400
1300,2600,"Dünn",18,0.000000,0.000000
1300,2600,"Dünn",19,0.026000,0.024000
1300,2600,"Dünn",20,0.053400,0.132600
1300,65000,"Dicht",1,14.772800,2.879400
1300,65000,"Dicht",2,17.324000,2.331400
1300,65000,"Dicht",3,15.193200,3.503400
1300,65000,"Dicht",4,12.174600,3.512800
1300,65000,"Dicht",5,14.773400,3.595400
1300,65000,"Dicht",6,14.707000,3.567400
1300,65000,"Dicht",7,16.207400,2.930200
1300,65000,"Dicht",8,13.430000,2.911000
1300,65000,"Dicht",9,12.198200,2.917600
1300,65000,"Dicht",10,13.253800,1.847600
1300,65000,"Dicht",11,14.649000,2.504200
1300,65000,"Dicht",12,9.699800,3.769200
1300,65000,"Dicht",13,12.476000,3.557000
1300,65000,"Dicht",14,12.484200,3.659400
1300,65000,"Dicht",15,13.205200,3.606200
1300,65000,"Dicht",16,13.558400,2.982200
1300,65000,"Dicht",17,10.982800,2.830600
1300,65000,"Dicht",18,14.408400,2.970200
1300,65000,"Dicht",19,15.002200,3.588600
1300,65000,"Dicht",20,13.368000,4.726000
1300,6500,"Unit-Cap",1,0.060000,0.209000
1300,6500,"Unit-Cap",2,0.042400,0.060600
1300,6500,"Unit-Cap",3,0.170200,0.410800
1300,6500,"Unit-Cap",4,0.302600,0.222800
1300,6500,"Unit-Cap",5,0.138800,0.198800
1300,6500,"Unit-Cap",6,0.115000,0.426200
1300,6500,"Unit-Cap",7,0.179000,0.404800
1300,6500,"Unit-Cap",8,0.175000,0.347000
1300,6500,"Unit-Cap",9,0.217800,0.685200
1300,6500,"Unit-Cap",10,0.205200,0.348600
1300,6500,"Unit-Cap",11,0.120200,0.398400
1300,6500,"Unit-Cap",12,0.165200,0.516400
1300,6500,"Unit-Cap",13,0.019000,0.104600
1300,6500,"Unit-Cap",14,0.147800,0.082600
1300,6500,"Unit-Cap",15,0.227200,0.409800
1300,6500,"Unit-Cap",16,0.476800,0.749400
1300,6500,"Unit-Cap",17,0.114400,0.396600
1300,6500,"Unit-Cap",18,0.247400,0.542800
1300,6500,"Unit-Cap",19,0.093400,0.403000
1300,6500,"Unit-Cap",20,0.228600,0.433600
1400,2800,"Dünn",1,0.255400,0.355000
1400,2800,"Dünn",2,0.040200,0.023400
1400,2800,"Dünn",3,0.089200,0.278600
1400,2800,"Dünn",4,0.041000,0.116200
1400,2800,"Dünn",5,0.007600,0.110800
1400,2800,"Dünn",6,0.249800,0.452800
1400,2800,"Dünn",7,0.068400,0.308800
1400,2800,"Dünn",8,0.000000,0.000000
1400,2800,"Dünn",9,0.000000,0.000000
1400,2800,"Dünn",10,0.051000,0.194600
1400,2800,"Dünn",11,0.026800,0.032000
1400,2800,"Dünn",12,0.025600,0.027200
1400,2800,"Dünn",13,0.035000,0.114800
1400,2800,"Dünn",14,0.000000,0.000000
1400,2800,"Dünn",15,0.035000,0.134000
1400,2800,"Dünn",16,0.000000,0.000000
1400,2800,"Dünn",17,0.037800,0.081800
1400,2800,"Dünn",18,0.122800,0.197000
1400,2800,"Dünn",19,0.000000,0.000000
1400,2800,"Dünn",20,0.028000,0.031000
1400,70000,"Dicht",1,13.565000,3.908800
1400,70000,"Dicht",2,13.361400,3.856400
1400,70000,"Dicht",3,12.668000,3.911400
1400,70000,"Dicht",4,13.173400,2.042800
1400,70000,"Dicht",5,13.864200,3.254800
1400,70000,"Dicht",6,14.892600,3.135000
1400,70000,"Dicht",7,16.730400,4.953800
1400,70000,"Dicht",8,13.940400,4.004800
1400,70000,"Dicht",9,16.618800,3.902800
1400,70000,"Dicht",10,17.017200,3.901800
1400,70000,"Dicht",11,10.560200,2.037200
1400,70000,"Dicht",12,14.407600,3.502000
1400,70000,"Dicht",13,12.222400,4.272800
1400,70000,"Dicht",14,15.913800,3.245400
1400,70000,"Dicht",15,15.820200,3.796200
1400,70000,"Dicht",16,15.790000,3.916600
1400,70000,"Dicht",17,17.870000,3.156600
1400,70000,"Dicht",18,14.250000,3.770200
1400,70000,"Dicht",19,15.536200,3.797400
1400,70000,"Dicht",20,14.145600,3.275800
1400,7000,"Unit-Cap",1,0.110400,0.219400
1400,7000,"Unit-Cap",2,0.048800,0.112200
1400,7000,"Unit-Cap",3,0.131400,0.367000
1400,7000,"Unit-Cap",4,0.146600,0.388000
1400,7000,"Unit-Cap",5,0.428400,0.501400
1400,7000,"Unit-Cap",6,0.411200,0.377600
1400,7000,"Unit-Cap",7,0.199000,0.389600
1400,7000,"Unit-Cap",8,0.268600,0.382800
1400,7000,"Unit-Cap",9,0.124000,0.295000
1400,7000,"Unit-Cap",10,0.229400,0.293800
1400,7000,"Unit-Cap",11,0.275000,0.532400
1400,7000,"Unit-Cap",12,0.194400,0.527600
1400,7000,"Unit-Cap",13,0.201000,0.537800
1400,7000,"Unit-Cap",14,0.217400,1.056800
1400,7000,"Unit-Cap",15,0.292600,0.452800
1400,7000,"Unit-Cap",16,0.725400,0.684800
1400,7000,"Unit-Cap",17,0.209600,0.733200
1400,7000,"Unit-Cap",18,0.143400,0.448200
1400,7000,"Unit-Cap",19,0.192600,0.362000
1400,7000,"Unit-Cap",20,0.209400,0.563600
1500,3000,"Dünn",1,0.033800,0.088000
1500,3000,"Dünn",2,0.000000,0.000000
1500,3000,"Dünn",3,0.057200,0.132200
1500,3000,"Dünn",4,0.029200,0.028000
1500,3000,"Dünn",5,0.175000,0.357400
1500,3000,"Dünn",6,0.046400,0.078000
1500,3000,"Dünn",7,0.029200,0.033200
1500,3000,"Dünn",8,0.070400,0.108600
1500,3000,"Dünn",9,0.028400,0.028400
1500,3000,"Dünn",10,0.281400,0.552800
1500,3000,"Dünn",11,0.000200,0.000000
1500,3000,"Dünn",12,0.189600,0.312800
1500,3000,"Dünn",13,0.333600,0.435600
1500,3000,"Dünn",14,0.036800,0.108600
1500,3000,"Dünn",15,0.233800,0.400400
1500,3000,"Dünn",16,0.033600,0.140800
1500,3000,"Dünn",17,0.105000,0.194000
1500,3000,"Dünn",18,0.101200,0.176600
1500,3000,"Dünn",19,0.059400,0.169200
1500,3000,"Dünn",20,0.138000,0.196800
1500,75000,"Dicht",1,14.687600,3.441800
1500,75000,"Dicht",2,19.353800,2.180000
1500,75000,"Dicht",3,13.291000,3.441600
1500,75000,"Dicht",4,14.458200,3.488600
1500,75000,"Dicht",5,17.670200,3.480800
1500,75000,"Dicht",6,17.710800,4.068800
1500,75000,"Dicht",7,15.484400,3.456600
1500,75000,"Dicht",8,17.421800,3.421600
1500,75000,"Dicht",9,21.124600,2.200600
1500,75000,"Dicht",10,16.978800,2.720800
1500,75000,"Dicht",11,15.076800,4.335800
1500,75000,"Dicht",12,17.878400,4.126600
1500,75000,"Dicht",13,17.755400,4.181000
1500,75000,"Dicht",14,16.481200,4.199600
1500,75000,"Dicht",15,14.946800,2.128000
1500,75000,"Dicht",16,16.084200,3.420800
1500,75000,"Dicht",17,16.552800,4.161200
1500,75000,"Dicht",18,13.497200,3.429400
1500,75000,"Dicht",19,16.089600,2.008200
1500,75000,"Dicht",20,17.801800,3.387400
1500,7500,"Unit-Cap",1,0.110800,0.413200
1500,7500,"Unit-Cap",2,0.111800,0.226400
1500,7500,"Unit-Cap",3,0.325200,0.603000
1500,7500,"Unit-Cap",4,0.145600,0.489600
1500,7500,"Unit-Cap",5,0.107600,0.264800
1500,7500,"Unit-Cap",6,0.166000,0.647800
1500,7500,"Unit-Cap",7,0.408800,0.609800
1500,7500,"Unit-Cap",8,0.254600,0.406200
1500,7500,"Unit-Cap",9,0.242400,0.617200
1500,7500,"Unit-Cap",10,0.202200,0.466600
1500,7500,"Unit-Cap",11,0.135200,0.297800
1500,7500,"Unit-Cap",12,0.298000,0.440200
1500,7500,"Unit-Cap",13,0.088400,0.260800
1500,7500,"Unit-Cap",14,0.116400,0.277800
1500,7500,"Unit-Cap",15,0.200200,0.320400
1500,7500,"Unit-Cap",16,0.147000,0.374800
1500,7500,"Unit-Cap",17,0.322800,0.631200
1500,7500,"Unit-Cap",18,0.247600,0.470400
1500,7500,"Unit-Cap",19,0.231200,0.476600
1500,7500,"Unit-Cap",20,0.305200,0.824000
1600,3200,"Dünn",1,0.129400,0.270200
1600,3200,"Dünn",2,0.031400,0.030400
1600,3200,"Dünn",3,0.007800,0.065000
1600,3200,"Dünn",4,0.044000,0.163600
1600,3200,"Dünn",5,0.152400,0.180200
1600,3200,"Dünn",6,0.032600,0.031200
1600,3200,"Dünn",7,0.091800,0.249000
1600,3200,"Dünn",8,0.080400,0.204000
1600,3200,"Dünn",9,0.000000,0.000000
1600,3200,"Dünn",10,0.031400,0.030600
1600,3200,"Dünn",11,0.052200,0.229800
1600,3200,"Dünn",12,0.028800,0.086000
1600,3200,"Dünn",13,0.145200,0.217400
1600,3200,"Dünn",14,0.170000,0.419600
1600,3200,"Dünn",15,0.325200,0.669800
1600,3200,"Dünn",16,0.041600,0.030800
1600,3200,"Dünn",17,0.000000,0.000000
1600,3200,"Dünn",18,0.032400,0.031000
1600,3200,"Dünn",19,0.030800,0.031400
1600,3200,"Dünn",20,0.027200,0.106800
1600,80000,"Dicht",1,18.920200,3.626200
1600,80000,"Dicht",2,14.271600,3.163800
1600,80000,"Dicht",3,13.714000,4.654800
1600,80000,"Dicht",4,17.584200,3.714400
1600,80000,"Dicht",5,16.861800,3.084000
1600,80000,"Dicht",6,14.212000,4.606000
1600,80000,"Dicht",7,15.272800,3.588400
1600,80000,"Dicht",8,15.104200,3.718400
1600,80000,"Dicht",9,18.462000,3.778600
1600,80000,"Dicht",10,16.923800,4.417800
1600,80000,"Dicht",11,18.099400,3.778000
1600,80000,"Dicht",12,14.656800,3.082600
1600,80000,"Dicht",13,15.514600,4.481200
1600,80000,"Dicht",14,20.311800,4.317800
1600,80000,"Dicht",15,19.774400,3.566200
1600,80000,"Dicht",16,21.351000,4.298000
1600,80000,"Dicht",17,16.905200,4.483400
1600,80000,"Dicht",18,15.881000,3.225400
1600,80000,"Dicht",19,20.718000,3.627800
1600,80000,"Dicht",20,18.435400,3.774400
1600,8000,"Unit-Cap",1,0.114200,0.173200
1600,8000,"Unit-Cap",2,0.096200,0.145600
1600,8000,"Unit-Cap",3,0.225400,0.430000
1600,8000,"Unit-Cap",4,0.195400,0.807800
1600,8000,"Unit-Cap",5,0.192800,0.669000
1600,8000,"Unit-Cap",6,0.216000,0.248200
1600,8000,"Unit-Cap",7,0.016000,0.097000
1600,8000,"Unit-Cap",8,0.151200,0.267000
1600,8000,"Unit-Cap",9,0.218000,0.664000
1600,8000,"Unit-Cap",10,0.111400,0.279600
1600,8000,"Unit-Cap",11,0.252000,0.508000
1600,8000,"Unit-Cap",12,0.104200,0.271000
1600,8000,"Unit-Cap",13,0.315800,0.775600
1600,8000,"Unit-Cap",14,0.174800,0.269200
1600,8000,"Unit-Cap",15,0.277400,0.258000
1600,8000,"Unit-Cap",16,0.073000,0.173800
1600,8000,"Unit-Cap",17,0.164600,0.519800
1600,8000,"Unit-Cap",18,0.354800,0.907000
1600,8000,"Unit-Cap",19,0.231800,0.675400
1600,8000,"Unit-Cap",20,0.154800,0.482200
1700,3400,"Dünn",1,0.001200,0.000000
1700,3400,"Dünn",2,0.000200,0.000000
1700,3400,"Dünn",3,0.000000,0.000000
1700,3400,"Dünn",4,0.000000,0.000000
1700,3400,"Dünn",5,0.223000,0.309200
1700,3400,"Dünn",6,0.051600,0.035600
1700,3400,"Dünn",7,0.086800,0.139800
1700,3400,"Dünn",8,0.135200,0.231400
1700,3400,"Dünn",9,0.018400,0.056400
1700,3400,"Dünn",10,0.105000,0.110200
1700,3400,"Dünn",11,0.092600,0.182200
1700,3400,"Dünn",12,0.292600,0.675600
1700,3400,"Dünn",13,0.235200,0.322400
1700,3400,"Dünn",14,0.235800,0.281000
1700,3400,"Dünn",15,0.000000,0.000000
1700,3400,"Dünn",16,0.136400,0.270200
1700,3400,"Dünn",17,0.098200,0.279800
1700,3400,"Dünn",18,0.308600,0.653800
1700,3400,"Dünn",19,0.035000,0.033400
1700,3400,"Dünn",20,0.105800,0.159600
1700,85000,"Dicht",1,15.228600,4.858600
1700,85000,"Dicht",2,13.292800,4.055400
1700,85000,"Dicht",3,18.137000,4.644600
1700,85000,"Dicht",4,16.325200,3.296000
1700,85000,"Dicht",5,19.514800,3.886600
1700,85000,"Dicht",6,12.561800,4.045600
1700,85000,"Dicht",7,18.191800,6.152400
1700,85000,"Dicht",8,18.965000,3.937400
1700,85000,"Dicht",9,18.447800,4.927800
1700,85000,"Dicht",10,18.587200,4.693600
1700,85000,"Dicht",11,18.125200,4.790000
1700,85000,"Dicht",12,17.375600,4.010600
1700,85000,"Dicht",13,18.114600,3.900200
1700,85000,"Dicht",14,20.212400,3.197600
1700,85000,"Dicht",15,13.570600,3.448800
1700,85000,"Dicht",16,19.762200,2.415400
1700,85000,"Dicht",17,18.536800,4.866200
1700,85000,"Dicht",18,13.892400,4.932800
1700,85000,"Dicht",19,22.731400,4.633200
1700,85000,"Dicht",20,12.669200,4.955000
1700,8500,"Unit-Cap",1,0.245800,0.247600
1700,8500,"Unit-Cap",2,0.416000,0.605000
1700,8500,"Unit-Cap",3,0.107200,0.321400
1700,8500,"Unit-Cap",4,0.304600,0.696800
1700,8500,"Unit-Cap",5,0.389600,0.415000
1700,8500,"Unit-Cap",6,0.177000,0.548800
1700,8500,"Unit-Cap",7,0.073600,0.181400
1700,8500,"Unit-Cap",8,0.160800,0.376200
1700,8500,"Unit-Cap",9,0.315000,0.716200
1700,8500,"Unit-Cap",10,0.120600,0.366200
1700,8500,"Unit-Cap",11,0.197000,0.550800
1700,8500,"Unit-Cap",12,0.175600,0.342400
1700,8500,"Unit-Cap",13,0.225800,0.667000
1700,8500,"Unit-Cap",14,0.184800,0.517400
1700,8500,"Unit-Cap",15,0.214800,0.461200
1700,8500,"Unit-Cap",16,0.130200,0.415200
1700,8500,"Unit-Cap",17,0.176800,0.515400
1700,8500,"Unit-Cap",18,0.399400,0.699000
1700,8500,"Unit-Cap",19,0.252200,0.520400
1700,8500,"Unit-Cap",20,0.291800,0.327800
1800,3600,"Dünn",1,0.000600,0.000000
1800,3600,"Dünn",2,0.046000,0.210200
1800,3600,"Dünn",3,0.088600,0.532200
1800,3600,"Dünn",4,0.038600,0.037200
1800,3600,"Dünn",5,0.000000,0.000000
1800,3600,"Dünn",6,0.045800,0.236200
1800,3600,"Dünn",7,0.231000,0.389000
1800,3600,"Dünn",8,0.158000,0.317400
1800,3600,"Dünn",9,0.339600,0.336000
1800,3600,"Dünn",10,0.208200,0.564800
1800,3600,"Dünn",11,0.012000,0.084800
1800,3600,"Dünn",12,0.049800,0.037000
1800,3600,"Dünn",13,0.040400,0.036200
1800,3600,"Dünn",14,0.124200,0.255200
1800,3600,"Dünn",15,0.192200,0.325800
1800,3600,"Dünn",16,0.468400,0.527400
1800,3600,"Dünn",17,0.038800,0.035400
1800,3600,"Dünn",18,0.195000,0.364000
1800,3600,"Dünn",19,0.049600,0.036600
1800,3600,"Dünn",20,0.348200,0.657200
1800,90000,"Dicht",1,20.618000,5.089000
1800,90000,"Dicht",2,20.398200,4.290200
1800,90000,"Dicht",3,16.275000,3.522400
1800,90000,"Dicht",4,15.109400,2.650000
1800,90000,"Dicht",5,21.591000,4.957800
1800,90000,"Dicht",6,24.763400,5.088400
1800,90000,"Dicht",7,20.115800,4.368800
1800,90000,"Dicht",8,21.299800,4.167400
1800,90000,"Dicht",9,20.370400,4.182600
1800,90000,"Dicht",10,20.789800,6.169000
1800,90000,"Dicht",11,22.115600,2.633000
1800,90000,"Dicht",12,20.256200,4.219200
1800,90000,"Dicht",13,20.175600,4.987600
1800,90000,"Dicht",14,18.350200,4.233000
1800,90000,"Dicht",15,14.048000,4.258800
1800,90000,"Dicht",16,19.955200,5.088000
1800,90000,"Dicht",17,19.682200,4.154200
1800,90000,"Dicht",18,16.970400,3.515200
1800,90000,"Dicht",19,13.778400,4.159000
1800,90000,"Dicht",20,14.554000,3.610200
1800,9000,"Unit-Cap",1,0.124000,0.119600
1800,9000,"Unit-Cap",2,0.254600,0.159800
1800,9000,"Unit-Cap",3,0.324800,0.667200
1800,9000,"Unit-Cap",4,0.299400,0.903200
1800,9000,"Unit-Cap",5,0.755000,0.545800
1800,9000,"Unit-Cap",6,0.140200,0.155000
1800,9000,"Unit-Cap",7,0.386000,0.432200
1800,9000,"Unit-Cap",8,0.153000,0.265600
1800,9000,"Unit-Cap",9,0.077800,0.089000
1800,9000,"Unit-Cap",10,0.301200,0.722800
1800,9000,"Unit-Cap",11,0.364000,0.620400
1800,9000,"Unit-Cap",12,0.132400,0.368200
1800,9000,"Unit-Cap",13,0.108400,0.119000
1800,9000,"Unit-Cap",14,0.144800,0.293000
1800,9000,"Unit-Cap",15,0.267200,0.271600
1800,9000,"Unit-Cap",16,0.132800,0.293600
1800,9000,"Unit-Cap",17,0.107800,0.169800
1800,9000,"Unit-Cap",18,0.183800,0.367400
1800,9000,"Unit-Cap",19,0.171400,0.364400
1800,9000,"Unit-Cap",20,0.282600,0.718200
1900,3800,"Dünn",1,0.113800,0.252000
1900,3800,"Dünn",2,0.203800,0.416200
1900,3800,"Dünn",3,0.099800,0.262000
1900,3800,"Dünn",4,0.042000,0.039400
1900,3800,"Dünn",5,0.050200,0.048000
1900,3800,"Dünn",6,0.049800,0.146600
1900,3800,"Dünn",7,0.052000,0.050200
1900,3800,"Dünn",8,0.271600,0.448400
1900,3800,"Dünn",9,0.000200,0.000000
1900,3800,"Dünn",10,0.083200,0.171400
1900,3800,"Dünn",11,0.078000,0.174800
1900,3800,"Dünn",12,0.073600,0.114000
1900,3800,"Dünn",13,0.000200,0.000000
1900,3800,"Dünn",14,0.172000,0.300800
1900,3800,"Dünn",15,0.710400,0.928600
1900,3800,"Dünn",16,0.124000,0.119800
1900,3800,"Dünn",17,0.098200,0.167600
1900,3800,"Dünn",18,0.217800,0.236800
1900,3800,"Dünn",19,0.000800,0.000000
1900,3800,"Dünn",20,0.000000,0.000000
1900,95000,"Dicht",1,17.090400,2.683000
1900,95000,"Dicht",2,21.018000,4.455200
1900,95000,"Dicht",3,19.407400,3.775200
1900,95000,"Dicht",4,23.058000,2.818200
1900,95000,"Dicht",5,21.972400,8.031200
1900,95000,"Dicht",6,27.542200,4.535200
1900,95000,"Dicht",7,20.821400,5.713000
1900,95000,"Dicht",8,24.012800,5.412000
1900,95000,"Dicht",9,24.454200,4.625600
1900,95000,"Dicht",10,25.576600,5.468600
1900,95000,"Dicht",11,16.927000,4.678200
1900,95000,"Dicht",12,23.763600,6.759200
1900,95000,"Dicht",13,23.277800,4.566400
1900,95000,"Dicht",14,20.814600,5.333800
1900,95000,"Dicht",15,23.461600,5.299400
1900,95000,"Dicht",16,30.165600,6.779400
1900,95000,"Dicht",17,24.809400,2.868200
1900,95000,"Dicht",18,27.398000,4.525200
1900,95000,"Dicht",19,20.238000,7.022800
1900,95000,"Dicht",20,14.680800,3.839200
1900,9500,"Unit-Cap",1,0.583200,0.962200
1900,9500,"Unit-Cap",2,0.451200,0.803600
1900,9500,"Unit-Cap",3,0.274200,0.323000
1900,9500,"Unit-Cap",4,0.125800,0.383600
1900,9500,"Unit-Cap",5,0.241400,0.827200
1900,9500,"Unit-Cap",6,0.434000,0.632600
1900,9500,"Unit-Cap",7,0.100200,0.514000
1900,9500,"Unit-Cap",8,0.236000,0.544800
1900,9500,"Unit-Cap",9,0.204000,0.350400
1900,9500,"Unit-Cap",10,0.304000,0.610400
1900,9500,"Unit-Cap",11,0.356000,0.708800
1900,9500,"Unit-Cap",12,0.224200,0.567200
1900,9500,"Unit-Cap",13,0.155400,0.179400
1900,9500,"Unit-Cap",14,0.121000,0.430000
1900,9500,"Unit-Cap",15,0.056600,0.106400
1900,9500,"Unit-Cap",16,0.279600,0.579200
1900,9500,"Unit-Cap",17,0.302200,0.568600
1900,9500,"Unit-Cap",18,0.235000,1.024000
1900,9500,"Unit-Cap",19,0.100600,0.304200
1900,9500,"Unit-Cap",20,0.130600,0.624400
2000,4000,"Dünn",1,0.439400,0.659200
2000,4000,"Dünn",2,0.291600,0.550200
2000,4000,"Dünn",3,0.000200,0.000000
2000,4000,"Dünn",4,0.045200,0.043800
2000,4000,"Dünn",5,0.259800,0.285200
2000,4000,"Dünn",6,0.133400,0.423400
2000,4000,"Dünn",7,0.052800,0.153000
2000,4000,"Dünn",8,0.048400,0.044400
2000,4000,"Dünn",9,0.126400,0.134800
2000,4000,"Dünn",10,0.167400,0.230600
2000,4000,"Dünn",11,0.054600,0.039400
2000,4000,"Dünn",12,0.259000,0.447600
2000,4000,"Dünn",13,0.045200,0.148600
2000,4000,"Dünn",14,0.000200,0.000000
2000,4000,"Dünn",15,0.058600,0.043600
2000,4000,"Dünn",16,0.073000,0.189000
2000,4000,"Dünn",17,0.046200,0.044400
2000,4000,"Dünn",18,0.100800,0.288600
2000,4000,"Dünn",19,0.000000,0.000000
2000,4000,"Dünn",20,0.000000,0.000000
2000,100000,"Dicht",1,17.355200,2.959600
2000,100000,"Dicht",2,24.216400,7.040800
2000,100000,"Dicht",3,21.420800,4.828800
2000,100000,"Dicht",4,21.560200,5.952600
2000,100000,"Dicht",5,18.845200,4.065600
2000,100000,"Dicht",6,21.657400,3.696800
2000,100000,"Dicht",7,23.934600,5.685400
2000,100000,"Dicht",8,24.392200,5.621400
2000,100000,"Dicht",9,21.723600,5.828600
2000,100000,"Dicht",10,25.419200,5.710200
2000,100000,"Dicht",11,21.585200,4.773000
2000,100000,"Dicht",12,19.356600,4.691200
2000,100000,"Dicht",13,18.857400,4.633600
2000,100000,"Dicht",14,20.250400,4.614400
2000,100000,"Dicht",15,20.943800,7.319800
2000,100000,"Dicht",16,20.212600,5.747000
2000,100000,"Dicht",17,19.869200,3.810000
2000,100000,"Dicht",18,23.269000,4.801000
2000,100000,"Dicht",19,15.654200,4.063800
2000,100000,"Dicht",20,24.380000,7.443200
2000,10000,"Unit-Cap",1,0.328200,0.589400
2000,10000,"Unit-Cap",2,0.324800,0.895600
2000,10000,"Unit-Cap",3,0.198800,0.767200
2000,10000,"Unit-Cap",4,0.170400,0.588000
2000,10000,"Unit-Cap",5,0.383400,0.529600
2000,10000,"Unit-Cap",6,0.239000,0.550400
2000,10000,"Unit-Cap",7,0.318600,0.538800
2000,10000,"Unit-Cap",8,0.296000,0.555800
2000,10000,"Unit-Cap",9,0.394600,0.589600
2000,10000,"Unit-Cap",10,0.081400,0.230200
2000,10000,"Unit-Cap",11,0.042000,0.322000
2000,10000,"Unit-Cap",12,0.429400,0.780200
2000,10000,"Unit-Cap",13,0.200400,0.414800
2000,10000,"Unit-Cap",14,0.289400,0.578200
2000,10000,"Unit-Cap",15,0.118600,0.554400
2000,10000,"Unit-Cap",16,0.441000,0.768600
2000,10000,"Unit-Cap",17,0.406800,0.842000
2000,10000,"Unit-Cap",18,0.254600,0.380200
2000,10000,"Unit-Cap",19,0.227200,0.969600
2000,10000,"Unit-Cap",20,0.075800,0.100600
